id,title,category,time,text,posts
101872338,Senseisystem Ladder Iso,ISO,Sep 28 2023 03:12pm,15ed/15dura/4os/65ed/121ar knights mod sacred targeOnly perfIso other perfs for vtpkHit itThis post was edited by senseisystem1587 on Oct 5 2023 12:25am,"[{'time': 'Sep 28 2023 03:12pm', 'text': '15ed/15dura/4os/65ed/121ar knights mod sacred targeOnly perfIso other perfs for vtpkHit itThis post was edited by senseisystem1587 on Oct 5 2023 12:25am', 'author': 'senseisystem1587'}, {'time': 'Sep 28 2023 03:16pm', 'text': 'got it', 'author': 'unt0uch'}, {'time': 'Sep 30 2023 04:14pm', 'text': 'Bump', 'author': 'senseisystem1587'}, {'time': 'Oct 1 2023 08:15pm', 'text': 'Bump', 'author': 'senseisystem1587'}, {'time': 'Oct 2 2023 10:58pm', 'text': 'Bump', 'author': 'senseisystem1587'}, {'time': 'Oct 3 2023 06:13am', 'text': 'Bump', 'author': 'senseisystem1587'}, {'time': 'Oct 3 2023 08:15pm', 'text': 'Bump', 'author': 'senseisystem1587'}, {'time': 'Oct 5 2023 12:25am', 'text': 'Bump', 'author': 'senseisystem1587'}]"
101872507,Arctic Furs Armor,FT,Sep 28 2023 03:43pm,Post offer,"[{'time': 'Sep 28 2023 03:43pm', 'text': 'Post offer', 'author': 'GingaNinja90'}, {'time': 'Sep 30 2023 06:33pm', 'text': '1fg', 'author': 'Nessiatko'}]"
101872516,Summon Druid Pelt With Grizzly & Dire Wolves,ISO,Sep 28 2023 03:45pm,"I'm looking for a truly GG magic pelt for Summon Druid with the following MINIMUM stats:+3 Summoning Skills+2-3 Grizzly+2-3 Dire WolvesUseful extra stats:2os, HoW, Cyclone Armor, Life, EnergySecond affix is not needed but the pelt must be better (more skills or 2os) than this:A ""wolf"" or ""antlers"" style pelt is prefered but not required.    Show me what you got.","[{'time': 'Sep 28 2023 03:45pm', 'text': 'I\'m looking for a truly GG magic pelt for Summon Druid with the following MINIMUM stats:+3 Summoning Skills+2-3 Grizzly+2-3 Dire WolvesUseful extra stats:2os, HoW, Cyclone Armor, Life, EnergySecond affix is not needed but the pelt must be better (more skills or 2os) than this:A ""wolf"" or ""antlers"" style pelt is prefered but not required.    Show me what you got.', 'author': 'tmGrunty'}, {'time': 'Sep 29 2023 08:04am', 'text': 'Bump', 'author': 'tmGrunty'}, {'time': 'Sep 29 2023 12:35pm', 'text': 'Bump', 'author': 'tmGrunty'}, {'time': 'Sep 30 2023 06:26am', 'text': 'Bump', 'author': 'tmGrunty'}, {'time': 'Sep 30 2023 12:03pm', 'text': 'Bump', 'author': 'tmGrunty'}, {'time': 'Sep 30 2023 02:12pm', 'text': 'Are you interested in this as a temp? Green antlers', 'author': 'OPoneKenobi'}, {'time': 'Oct 1 2023 07:42am', 'text': 'Quote (OPoneKenobi @ 30 Sep 2023 22:12)https://i.imgur.com/D0B8bEr.pngAre you interested in this as a temp? Green antlershave you even seen my current ""temp"" ?', 'author': 'tmGrunty'}, {'time': 'Oct 1 2023 01:38pm', 'text': 'Bump', 'author': 'tmGrunty'}, {'time': 'Oct 2 2023 06:56am', 'text': 'Bump', 'author': 'tmGrunty'}, {'time': 'Oct 2 2023 03:37pm', 'text': 'Bump', 'author': 'tmGrunty'}]"
101872855,3os Bp,FT,Sep 28 2023 04:34pm,iso offerX,"[{'time': 'Sep 28 2023 04:34pm', 'text': 'iso offerX', 'author': 'ekon'}, {'time': 'Oct 1 2023 10:30pm', 'text': 'sorry! didnt see the FT.This post was edited by lovekillah22 on Oct 1 2023 10:31pm', 'author': 'lovekillah22'}]"
101872977,Ft Angelic Halo Ring,FT,Sep 28 2023 04:56pm,20 life6repllvl12x2 10fg/eaThis post was edited by vvzz on Sep 30 2023 05:01am,"[{'time': 'Sep 28 2023 04:56pm', 'text': '20 life6repllvl12x2 10fg/eaThis post was edited by vvzz on Sep 30 2023 05:01am', 'author': 'vvzz'}, {'time': 'Sep 28 2023 04:57pm', 'text': '10', 'author': 'SexyLumberjack'}, {'time': 'Sep 30 2023 05:01am', 'text': 'Bump', 'author': 'vvzz'}]"
101873011,Fcr Cold Res Mana Ring,FT,Sep 28 2023 05:01pm,,"[{'time': 'Sep 28 2023 05:01pm', 'text': '', 'author': 'LoupSeul'}, {'time': 'Sep 30 2023 12:47pm', 'text': '30Fg', 'author': 'mxc_god'}, {'time': 'Sep 30 2023 04:25pm', 'text': '90 fg', 'author': 'Sky1in3'}, {'time': 'Sep 30 2023 04:26pm', 'text': '95', 'author': 'vargla'}, {'time': 'Sep 30 2023 04:31pm', 'text': '115', 'author': 'Sky1in3'}]"
101873074,Arctic Furs 10@ - 10fg,FT,Sep 28 2023 05:10pm,Get it in EU!,"[{'time': 'Sep 28 2023 05:10pm', 'text': 'Get it in EU!', 'author': 'WD-Hydralisc'}, {'time': 'Sep 30 2023 06:34pm', 'text': '1fg here', 'author': 'Nessiatko'}]"
101873195,15 15 Ed Bp 3os,FT,Sep 28 2023 05:28pm,"offering an 15 enhanced defense / 15 durability Breastplate with 3 open socketshave fun 3 os, enigma, eni, armor, armour, treachery","[{'time': 'Sep 28 2023 05:28pm', 'text': 'offering an 15 enhanced defense / 15 durability Breastplate with 3 open socketshave fun 3 os, enigma, eni, armor, armour, treachery', 'author': '70Mbit_error'}, {'time': 'Sep 29 2023 03:04pm', 'text': 'Bump', 'author': '70Mbit_error'}, {'time': 'Sep 29 2023 10:00pm', 'text': 'Bump', 'author': '70Mbit_error'}, {'time': 'Sep 30 2023 02:41am', 'text': 'Bump', 'author': '70Mbit_error'}, {'time': 'Sep 30 2023 02:47pm', 'text': '100', 'author': 'Volksheld'}, {'time': 'Oct 1 2023 09:07am', 'text': 'Bump', 'author': '70Mbit_error'}, {'time': 'Oct 1 2023 02:48pm', 'text': 'Bump', 'author': '70Mbit_error'}]"
101873212,Gg Pala Circlet (2/20/20/allres/gold),FT,Sep 28 2023 05:30pm,lf offers,"[{'time': 'Sep 28 2023 05:30pm', 'text': 'lf offers', 'author': 'subaridji'}, {'time': 'Sep 28 2023 06:07pm', 'text': '100 ', 'author': 'cycoconutz'}, {'time': 'Sep 28 2023 06:07pm', 'text': 'Quote (cycoconutz @ 29 Sep 2023 03:07)100ty for the start', 'author': 'subaridji'}, {'time': 'Sep 29 2023 07:06am', 'text': 'meh  wrong text This post was edited by 70Mbit_error on Sep 29 2023 07:06am', 'author': '70Mbit_error'}, {'time': 'Sep 29 2023 01:53pm', 'text': 'Bump', 'author': 'subaridji'}, {'time': 'Sep 30 2023 05:21am', 'text': 'Bump', 'author': 'subaridji'}, {'time': 'Sep 30 2023 05:22am', 'text': 'you ever sell?', 'author': 'bingusmaneuver314'}, {'time': 'Sep 30 2023 05:23am', 'text': 'Quote (bingusmaneuver314 @ 30 Sep 2023 14:22)you ever sell?clarify your request pls', 'author': 'subaridji'}, {'time': 'Sep 30 2023 05:39am', 'text': 'Quote (subaridji @ Sep 30 2023 07:23am)clarify your request plsdidd u ever sell the circlet or settle otherwise my badd', 'author': 'bingusmaneuver314'}, {'time': 'Sep 30 2023 05:42am', 'text': 'Quote (bingusmaneuver314 @ 30 Sep 2023 14:39)didd u ever sell the circlet or settle otherwise my baddi believe that english is not your native language and you had poor success in studying it. thnx for free bump anyway.', 'author': 'subaridji'}]"
101873320,Artisans 3soc Allres Heraldic Shield,FT,Sep 28 2023 05:42pm,lf offers,"[{'time': 'Sep 28 2023 05:42pm', 'text': 'lf offers', 'author': 'subaridji'}, {'time': 'Sep 30 2023 05:22am', 'text': 'Bump', 'author': 'subaridji'}]"
101873345,Amazon Lev 44 Jav Price Check,Price Check,Sep 28 2023 05:45pm,Worth anything?,"[{'time': 'Sep 28 2023 05:45pm', 'text': 'Worth anything?', 'author': 'seminole20'}, {'time': 'Sep 28 2023 05:45pm', 'text': 'This is surely a troll? If not grata bro', 'author': 'aust261'}, {'time': 'Sep 28 2023 05:46pm', 'text': '50', 'author': 'Toggle'}, {'time': 'Sep 28 2023 05:53pm', 'text': 'wtb your vipermagi', 'author': 'hayasi'}, {'time': 'Sep 28 2023 05:54pm', 'text': 'Quote (hayasi @ Sep 29 2023 01:53am)wtb your vipermagisame you can charsi this ', 'author': 'devodevo'}, {'time': 'Sep 28 2023 06:00pm', 'text': 'Quote (aust261 @ Sep 28 2023 07:45pm)This is surely a troll? If not grata broNever know, itâ€™s beginning of season. Def not a troll. ', 'author': 'seminole20'}, {'time': 'Sep 28 2023 06:02pm', 'text': 'Quote (hayasi @ Sep 28 2023 07:53pm)wtb your vipermagiHow much?', 'author': 'seminole20'}, {'time': 'Sep 28 2023 06:20pm', 'text': 'Lmk how much you want for the javs', 'author': 'aust261'}, {'time': 'Oct 3 2023 02:13pm', 'text': 'Bump', 'author': 'seminole20'}]"
101873376,Arctic Fur Armor,FT,Sep 28 2023 05:48pm,Post offers,"[{'time': 'Sep 28 2023 05:48pm', 'text': 'Post offers', 'author': 'Draculia'}, {'time': 'Sep 30 2023 06:21pm', 'text': '1fg', 'author': 'Nessiatko'}]"
101873526,Bonesnap Maul,FT,Sep 28 2023 06:06pm,259 ed,"[{'time': 'Sep 28 2023 06:06pm', 'text': '259 ed', 'author': 'subaridji'}, {'time': 'Sep 30 2023 05:22am', 'text': 'Bump', 'author': 'subaridji'}]"
101873554,My Ladder Shop,FT,Sep 28 2023 06:08pm,closeThis post was edited by Shakrana on Sep 30 2023 05:42pm,"[{'time': 'Sep 28 2023 06:08pm', 'text': 'closeThis post was edited by Shakrana on Sep 30 2023 05:42pm', 'author': 'Shakrana'}, {'time': 'Sep 28 2023 11:52pm', 'text': 'Bump', 'author': 'Shakrana'}, {'time': 'Sep 29 2023 08:54am', 'text': 'Bump', 'author': 'Shakrana'}, {'time': 'Sep 29 2023 03:52pm', 'text': 'Bump', 'author': 'Shakrana'}, {'time': 'Sep 29 2023 08:00pm', 'text': 'Bump', 'author': 'Shakrana'}, {'time': 'Sep 29 2023 08:01pm', 'text': '40 on titans ', 'author': 'BAMt'}, {'time': 'Sep 30 2023 12:37am', 'text': 'Bump', 'author': 'Shakrana'}, {'time': 'Sep 30 2023 10:35am', 'text': 'Bump', 'author': 'Shakrana'}, {'time': 'Sep 30 2023 03:08pm', 'text': 'Bump', 'author': 'Shakrana'}]"
101873611,~ Find Me This In Normal Cows ~,ISO,Sep 28 2023 06:14pm,These 3 items are very rare and very sought after.They can ONLY be found in normal cows to have the correct sockets/skills.Item #1 (I am paying 3k fg for this)Wolf head OR Hawk Helm WITH: (must be level 9 required or less)+3 to werebear (3os ONLY) will pay more if it also has oakItem #2 (viperlld will negotiate a price with you for this)War Scepter (level 9 required or less) with:+3 to defiance (5os only)Item #3 (bonus for you as this sells for 1500+ fg)+3 to oak sage pelt (0os or 3os)This post was edited by starcreaft453 on Sep 30 2023 07:48am,"[{'time': 'Sep 28 2023 06:14pm', 'text': 'These 3 items are very rare and very sought after.They can ONLY be found in normal cows to have the correct sockets/skills.Item #1 (I am paying 3k fg for this)Wolf head OR Hawk Helm WITH: (must be level 9 required or less)+3 to werebear (3os ONLY) will pay more if it also has oakItem #2 (viperlld will negotiate a price with you for this)War Scepter (level 9 required or less) with:+3 to defiance (5os only)Item #3 (bonus for you as this sells for 1500+ fg)+3 to oak sage pelt (0os or 3os)This post was edited by starcreaft453 on Sep 30 2023 07:48am', 'author': 'starcreaft453'}, {'time': 'Sep 28 2023 07:23pm', 'text': ""Come on guys let's find us these items this season!"", 'author': 'ViperLLD'}, {'time': 'Sep 30 2023 07:47am', 'text': 'Bump', 'author': 'starcreaft453'}, {'time': 'Sep 30 2023 07:48am', 'text': 'Do have 3wb from somewhere in act3, but i guess thats not gonna work?', 'author': 'Nismo_Frank'}, {'time': 'Sep 30 2023 07:48am', 'text': 'Quote (Nismo_Frank @ Sep 30 2023 07:48am)Do have 3wb from somewhere in act3, but i guess thats not gonna work?Would need to be chaos sanctuary and depend on the mob so no. But feel free to socket lolThis post was edited by starcreaft453 on Sep 30 2023 07:49am', 'author': 'starcreaft453'}, {'time': 'Sep 30 2023 07:50am', 'text': 'Quote (starcreaft453 @ 30 Sep 2023 15:48)Would need to be chaos samctuaryWell thats a shame! Gl on searchHaha tried it just to be sure! Got 2 sockets indeed This post was edited by Nismo_Frank on Sep 30 2023 07:51am', 'author': 'Nismo_Frank'}, {'time': 'Sep 30 2023 07:52am', 'text': 'Quote (Nismo_Frank @ 30 Sep 2023 15:50)Well thats a shame! Gl on searchHaha tried it just to be sure! Got 2 sockets indeed :(And today dear kids we learn about what ilvls are.', 'author': 'Nigzel'}, {'time': 'Oct 2 2023 12:42pm', 'text': 'Bump', 'author': 'starcreaft453'}, {'time': 'Oct 5 2023 10:12am', 'text': 'Bump', 'author': 'starcreaft453'}]"
101873613,Rare Dual Res Mf Boots,FT,Sep 28 2023 06:14pm,offer,"[{'time': 'Sep 28 2023 06:14pm', 'text': 'offer', 'author': 'Auger'}, {'time': 'Sep 28 2023 08:55pm', 'text': 'Bump', 'author': 'Auger'}, {'time': 'Oct 1 2023 09:36am', 'text': '150', 'author': 'Sky1in3'}]"
101873718,Iso: 5000x Full Tal Sets + Spirit Monarch,ISO,Sep 28 2023 06:27pm,"Looking to buy bulk onlyEdit: 3k sets sorted, need 2k moreThis post was edited by TheGodOfPumpkin on Sep 28 2023 10:17pm","[{'time': 'Sep 28 2023 06:27pm', 'text': 'Looking to buy bulk onlyEdit: 3k sets sorted, need 2k moreThis post was edited by TheGodOfPumpkin on Sep 28 2023 10:17pm', 'author': 'TheGodOfPumpkin'}, {'time': 'Sep 28 2023 06:28pm', 'text': '   ', 'author': 'Gluurbuur'}, {'time': 'Sep 28 2023 06:34pm', 'text': 'Quote (Gluurbuur @ Sep 29 2023 01:28pm):rofl:  :bonk:how many do you have? maybe we can make a deal on a smaller amount', 'author': 'TheGodOfPumpkin'}, {'time': 'Sep 28 2023 06:35pm', 'text': ""All Hail The Great Pumpkin! G'luck in your search."", 'author': 'Handcuffs'}, {'time': 'Sep 28 2023 06:38pm', 'text': 'What do you need 5000 Tal sets for? ^^', 'author': 'Annibaddi'}, {'time': 'Sep 28 2023 06:38pm', 'text': 'Quote (Annibaddi @ Sep 29 2023 01:38pm)What do you need 5000 Tal sets for? ^^i like to keep spares just in case i make new characters', 'author': 'TheGodOfPumpkin'}, {'time': 'Sep 28 2023 06:38pm', 'text': 'Understandable understandableQuote (TheGodOfPumpkin @ Sep 28 2023 05:38pm)i like to keep spares just in case i make new characters', 'author': 'Kal_Imp'}, {'time': 'Sep 28 2023 06:39pm', 'text': 'all herepm', 'author': 'hypeshako'}, {'time': 'Sep 28 2023 10:18pm', 'text': 'Quote (hypeshako @ Sep 29 2023 01:39pm)all herepmnever responded, still need 2k more', 'author': 'TheGodOfPumpkin'}, {'time': 'Sep 28 2023 10:19pm', 'text': '  This post was edited by der_lustige_lol on Sep 28 2023 10:19pm', 'author': 'der_lustige_lol'}]"
101873759,O Arctic Set Armor,FT,Sep 28 2023 06:32pm,O Arctic set armor,"[{'time': 'Sep 28 2023 06:32pm', 'text': 'O Arctic set armor', 'author': 'Eldo2'}, {'time': 'Sep 30 2023 02:40pm', 'text': 'Bump', 'author': 'Eldo2'}, {'time': 'Sep 30 2023 06:33pm', 'text': '1fg', 'author': 'Nessiatko'}]"
101873773,Iso Druid Summoning Gc's,ISO,Sep 28 2023 06:33pm,lmk ,"[{'time': 'Sep 28 2023 06:33pm', 'text': 'lmk ', 'author': 'TerpTrain'}, {'time': 'Oct 2 2023 08:12pm', 'text': '1 here - 30fg', 'author': 'HARDSKiLLED'}, {'time': 'Oct 2 2023 08:16pm', 'text': '1 here 20fg', 'author': 'd2rdubs'}]"
101873819,Socket Quests By Adnileon,Service,Sep 28 2023 06:39pm,  This post was edited by Adnileon on Sep 30 2023 02:05am,"[{'time': 'Sep 28 2023 06:39pm', 'text': '  This post was edited by Adnileon on Sep 30 2023 02:05am', 'author': 'Adnileon'}, {'time': 'Sep 29 2023 12:52am', 'text': 'Bump', 'author': 'Adnileon'}, {'time': 'Sep 29 2023 05:30am', 'text': 'Bump', 'author': 'Adnileon'}, {'time': 'Sep 30 2023 01:06am', 'text': 'Bump', 'author': 'Adnileon'}]"
101873933,Claw 2sk 40ias,FT,Sep 28 2023 06:52pm,make offer,"[{'time': 'Sep 28 2023 06:52pm', 'text': 'make offer', 'author': 'Racknar'}, {'time': 'Sep 29 2023 05:07am', 'text': 'Bump', 'author': 'Racknar'}, {'time': 'Sep 29 2023 02:19pm', 'text': 'Bump', 'author': 'Racknar'}, {'time': 'Sep 29 2023 08:18pm', 'text': 'Bump', 'author': 'Racknar'}, {'time': 'Sep 30 2023 05:57pm', 'text': 'Bump', 'author': 'Racknar'}]"
101874030,N Spectral Shard,ISO,Sep 28 2023 07:01pm,lemme know if u found one xD,"[{'time': 'Sep 28 2023 07:01pm', 'text': 'lemme know if u found one xD', 'author': 'RageAgainstTheMachine'}, {'time': 'Sep 28 2023 08:30pm', 'text': 'i found one xd', 'author': 'trevbolt1'}, {'time': 'Sep 28 2023 11:48pm', 'text': 'Quote (trevbolt1 @ Sep 28 2023 09:30pm)i found one xdWill bin 10fg', 'author': 'ezmac'}, {'time': 'Sep 29 2023 10:38am', 'text': 'Bump', 'author': 'RageAgainstTheMachine'}, {'time': 'Sep 29 2023 10:38am', 'text': '75', 'author': 'Quail'}, {'time': 'Sep 29 2023 10:41am', 'text': '50', 'author': 'csyoyo'}, {'time': 'Oct 1 2023 07:56am', 'text': '40', 'author': 'FilterHeadz'}]"
101874085,O Ring: 10%fcr 94 Ar 8 Energy 5 Repl Life 30 Lres,FT,Sep 28 2023 07:07pm,O Ring Level 16 requ:10% fcr94 ar8 energy5 replenish life30 light resThis post was edited by MountainLake on Sep 28 2023 07:08pm,"[{'time': 'Sep 28 2023 07:07pm', 'text': 'O Ring Level 16 requ:10% fcr94 ar8 energy5 replenish life30 light resThis post was edited by MountainLake on Sep 28 2023 07:08pm', 'author': 'MountainLake'}, {'time': 'Sep 28 2023 11:54pm', 'text': 'Bump', 'author': 'MountainLake'}, {'time': 'Sep 29 2023 07:01am', 'text': 'Bump', 'author': 'MountainLake'}, {'time': 'Sep 29 2023 05:26pm', 'text': 'Bump', 'author': 'MountainLake'}, {'time': 'Sep 30 2023 03:35pm', 'text': 'Bump', 'author': 'MountainLake'}, {'time': 'Oct 1 2023 07:32am', 'text': 'Bump', 'author': 'MountainLake'}, {'time': 'Oct 1 2023 12:37pm', 'text': 'Bump', 'author': 'MountainLake'}, {'time': 'Oct 1 2023 05:00pm', 'text': 'Bump', 'author': 'MountainLake'}]"
101874105,Iso Pally Shield 3os,ISO,Sep 28 2023 07:09pm,Iso Paladin Shield with 3os or 2osThis post was edited by satandance on Sep 28 2023 07:14pm,"[{'time': 'Sep 28 2023 07:09pm', 'text': 'Iso Paladin Shield with 3os or 2osThis post was edited by satandance on Sep 28 2023 07:14pm', 'author': 'satandance'}, {'time': 'Sep 28 2023 07:15pm', 'text': 'RetThis post was edited by kubo2021 on Sep 28 2023 07:17pm', 'author': 'kubo2021'}, {'time': 'Sep 28 2023 09:57pm', 'text': '3os targe14 ed8 all res', 'author': 'MonkeyBizz13'}, {'time': 'Sep 30 2023 03:23am', 'text': '3os Vortex Shield 44@', 'author': 'Treat'}, {'time': 'Sep 30 2023 03:24am', 'text': 'Sacred targe 3os 26@But i wi be hhome in like 3h', 'author': 'Norotian'}]"
101874117,Low Runes,FT,Sep 28 2023 07:11pm,Io - 5 fgDol - 5 fgThul - 5 fgRal - 5 fgTal - 5 fg x8Ith - 5 fg x2Eth - 5 fgNef - 5 fgEl - 5 fgThis post was edited by scene08 on Sep 30 2023 06:18am,"[{'time': 'Sep 28 2023 07:11pm', 'text': 'Io - 5 fgDol - 5 fgThul - 5 fgRal - 5 fgTal - 5 fg x8Ith - 5 fg x2Eth - 5 fgNef - 5 fgEl - 5 fgThis post was edited by scene08 on Sep 30 2023 06:18am', 'author': 'scene08'}, {'time': 'Sep 28 2023 07:12pm', 'text': 'Tir - 10 fg', 'author': 'Lusius'}, {'time': 'Sep 28 2023 10:45pm', 'text': 'Quote (Lusius @ Sep 29 2023 09:12am)Tir - 10 fgt4t', 'author': 'scene08'}, {'time': 'Sep 29 2023 02:46am', 'text': 'Bump', 'author': 'scene08'}, {'time': 'Sep 29 2023 02:46am', 'text': 'thul hgere', 'author': 'Atakov'}, {'time': 'Sep 29 2023 08:55pm', 'text': 'Bump', 'author': 'scene08'}, {'time': 'Sep 29 2023 08:56pm', 'text': 'bin all sol', 'author': 'kittykai89'}, {'time': 'Sep 29 2023 08:58pm', 'text': 'Bin 2 hel 2 amn', 'author': 'Tortillaboy'}, {'time': 'Sep 30 2023 01:23am', 'text': 'Bump', 'author': 'scene08'}, {'time': 'Sep 30 2023 06:18am', 'text': 'Bump', 'author': 'scene08'}]"
101874180,Ft 10% Gf Small Charm,FT,Sep 28 2023 07:17pm,,"[{'time': 'Sep 28 2023 07:17pm', 'text': '', 'author': 'pluppzynical'}, {'time': 'Sep 29 2023 07:56pm', 'text': 'Bump', 'author': 'pluppzynical'}, {'time': 'Sep 30 2023 04:49pm', 'text': 'Bump', 'author': 'pluppzynical'}, {'time': 'Oct 1 2023 08:10pm', 'text': 'Bump', 'author': 'pluppzynical'}, {'time': 'Oct 2 2023 07:45pm', 'text': 'Bump', 'author': 'pluppzynical'}, {'time': 'Oct 3 2023 03:55pm', 'text': 'Bump', 'author': 'pluppzynical'}, {'time': 'Oct 4 2023 06:43pm', 'text': 'Bump', 'author': 'pluppzynical'}]"
101874262,Socket Q,Service,Sep 28 2023 07:24pm,closedThis post was edited by imbadurnot on Oct 1 2023 06:34am,"[{'time': 'Sep 28 2023 07:24pm', 'text': 'closedThis post was edited by imbadurnot on Oct 1 2023 06:34am', 'author': 'imbadurnot'}, {'time': 'Sep 29 2023 07:45pm', 'text': 'Bump', 'author': 'imbadurnot'}, {'time': 'Sep 30 2023 09:20am', 'text': 'Bump', 'author': 'imbadurnot'}, {'time': 'Sep 30 2023 02:55pm', 'text': 'Bump', 'author': 'imbadurnot'}, {'time': 'Oct 1 2023 06:26am', 'text': 'Bump', 'author': 'imbadurnot'}, {'time': 'Oct 1 2023 06:28am', 'text': 'BIN 2', 'author': 'nts1412'}]"
101874414,Little List,FT,Sep 28 2023 07:40pm,2combat pally ammy--offer1 ele druid ammy--offer10fcr ring lvl 6   5fg,"[{'time': 'Sep 28 2023 07:40pm', 'text': '2combat pally ammy--offer1 ele druid ammy--offer10fcr ring lvl 6   5fg', 'author': 'Tainted89'}, {'time': 'Sep 28 2023 07:59pm', 'text': 'and bloodthief brandistock', 'author': 'Tainted89'}, {'time': 'Sep 28 2023 09:11pm', 'text': 'bloodletter unid', 'author': 'Tainted89'}, {'time': 'Sep 30 2023 01:13pm', 'text': 'bin at the ring.', 'author': 'sephSC'}]"
101874423,Blood Crescent Scimitar,FT,Sep 28 2023 07:41pm,50fg! low lvl weapon nice one50fgbin,"[{'time': 'Sep 28 2023 07:41pm', 'text': '50fg! low lvl weapon nice one50fgbin', 'author': 'd2heravi'}, {'time': 'Sep 29 2023 04:44pm', 'text': 'Ed?', 'author': 'zShada'}, {'time': 'Oct 2 2023 11:32am', 'text': 'bin', 'author': 'Romachi'}, {'time': 'Oct 2 2023 11:39am', 'text': 'Quote (d2heravi @ Sep 28 2023 08:41pm)50fg! low lvl weapon nice one50fgbinsold ', 'author': 'd2heravi'}]"
101874602,10eg 7cr,FT,Sep 28 2023 07:55pm,Yap M shapeThis post was edited by falik on Sep 29 2023 05:31am,"[{'time': 'Sep 28 2023 07:55pm', 'text': 'Yap M shapeThis post was edited by falik on Sep 29 2023 05:31am', 'author': 'falik'}, {'time': 'Sep 29 2023 05:32am', 'text': 'Bump', 'author': 'falik'}, {'time': 'Sep 29 2023 10:43am', 'text': 'Bump', 'author': 'falik'}, {'time': 'Sep 29 2023 03:21pm', 'text': 'Bump', 'author': 'falik'}, {'time': 'Sep 30 2023 05:00am', 'text': 'Bump', 'author': 'falik'}, {'time': 'Oct 4 2023 03:56pm', 'text': 'Bump', 'author': 'falik'}, {'time': 'Oct 5 2023 05:22am', 'text': 'Bump', 'author': 'falik'}, {'time': 'Oct 5 2023 10:10am', 'text': 'Bump', 'author': 'falik'}, {'time': 'Oct 6 2023 11:24am', 'text': 'Bump', 'author': 'falik'}, {'time': 'Oct 6 2023 04:15pm', 'text': 'Bump', 'author': 'falik'}]"
101874669,Bloodrise Lvl 15 Morning Star 3 Sacrifice,FT,Sep 28 2023 08:01pm,bin 10 fg,"[{'time': 'Sep 28 2023 08:01pm', 'text': 'bin 10 fg', 'author': 'chris8899'}, {'time': 'Oct 5 2023 07:20am', 'text': '5fg', 'author': 'DiabloTinder'}]"
101874693,Perfect Skin Of The Vipermagi,FT,Sep 28 2023 08:03pm,35 all res 13 mr,"[{'time': 'Sep 28 2023 08:03pm', 'text': '35 all res 13 mr', 'author': 'ki11erpanda'}, {'time': 'Sep 28 2023 08:04pm', 'text': '1000', 'author': 'GlitchedToon'}, {'time': 'Sep 28 2023 08:04pm', 'text': '1250', 'author': 'Jeezy101'}, {'time': 'Sep 28 2023 08:05pm', 'text': '1500', 'author': 'GlitchedToon'}, {'time': 'Sep 29 2023 12:15am', 'text': 'Bump', 'author': 'ki11erpanda'}, {'time': 'Sep 29 2023 04:57am', 'text': 'Bump', 'author': 'ki11erpanda'}, {'time': 'Sep 29 2023 04:58am', 'text': '1600', 'author': 'LORD_BEAST'}, {'time': 'Sep 29 2023 10:36am', 'text': 'Bump', 'author': 'ki11erpanda'}, {'time': 'Sep 29 2023 04:41pm', 'text': 'Bump', 'author': 'ki11erpanda'}, {'time': 'Sep 29 2023 06:12pm', 'text': 'non ladder going for 2-6 jah bring the price up boys', 'author': 'ki11erpanda'}]"
101874904,O Ring 10%fcr 48 Ar 10 Lres 22 Fres 2 Mdr,FT,Sep 28 2023 08:22pm,O Ring Level 24 requ:10% fcr48 ar10 Light res22 fire res2 magic dam red,"[{'time': 'Sep 28 2023 08:22pm', 'text': 'O Ring Level 24 requ:10% fcr48 ar10 Light res22 fire res2 magic dam red', 'author': 'MountainLake'}, {'time': 'Sep 29 2023 07:46am', 'text': 'Bump', 'author': 'MountainLake'}, {'time': 'Sep 30 2023 03:01am', 'text': 'Bump', 'author': 'MountainLake'}, {'time': 'Sep 30 2023 03:16pm', 'text': 'Bump', 'author': 'MountainLake'}, {'time': 'Oct 1 2023 07:28am', 'text': 'Bump', 'author': 'MountainLake'}, {'time': 'Oct 1 2023 12:50pm', 'text': 'Bump', 'author': 'MountainLake'}, {'time': 'Oct 1 2023 05:15pm', 'text': 'Bump', 'author': 'MountainLake'}, {'time': 'Oct 2 2023 04:45pm', 'text': 'Bump', 'author': 'MountainLake'}]"
101874978,16 Life 10 Cr Sc,FT,Sep 28 2023 08:29pm,Offers ? ,"[{'time': 'Sep 28 2023 08:29pm', 'text': 'Offers ? ', 'author': 'B_ankai'}, {'time': 'Sep 29 2023 01:40am', 'text': 'Bump', 'author': 'B_ankai'}, {'time': 'Sep 29 2023 05:44am', 'text': 'Bump', 'author': 'B_ankai'}, {'time': 'Sep 29 2023 11:04am', 'text': 'Bump', 'author': 'B_ankai'}, {'time': 'Sep 30 2023 03:16pm', 'text': 'Bump', 'author': 'B_ankai'}, {'time': 'Oct 1 2023 04:03am', 'text': 'Bin - 75 fg', 'author': 'B_ankai'}, {'time': 'Oct 1 2023 10:24am', 'text': 'Bump', 'author': 'B_ankai'}]"
101875119,5res Sc Fire Skiller,FT,Sep 28 2023 08:43pm,5 res paw1 fire skill 7frw gc dna,"[{'time': 'Sep 28 2023 08:43pm', 'text': '5 res paw1 fire skill 7frw gc dna', 'author': 'ezwasnp'}, {'time': 'Sep 29 2023 07:22pm', 'text': 'bin fire for 120 fg', 'author': 'Marko0o'}, {'time': 'Oct 3 2023 04:06pm', 'text': '80 for 5res sc', 'author': 'Malaysian'}, {'time': 'Oct 3 2023 04:07pm', 'text': '100 @ 5res sc', 'author': 'ZoDGoD'}]"
